id,smiles,vendor,email,price
2ff98306ef846abf62e986c6,CS(=O)(=O)NCc1ccc(-c2ccc3ncnc(NC(=O)c4ccc(OCc5cccc(F)c5)c(Cl)c4)c3c2)cc1,eMolecules,sales@emolecules.com,860
479c5b3ad7975815d79f2b55,CS(=O)(=O)Cc1ccc(-c2ccc3ncnc(NC(=O)c4ccc(OCc5cccc(F)c5)c(Cl)c4)c3c2)c(F)c1,eMolecules,sales@emolecules.com,910
642baa6e0c091d54fb66a05d,CCCS(=O)(=O)NCc1ccc(-c2ccc3ncnc(NC(=O)c4ccc(OCc5cccc(F)c5)c(Cl)c4)c3c2)cc1,eMolecules,sales@emolecules.com,1160
b195217b3356f7a71f168357,CS(=O)(=O)Cc1ccc(C(=O)Nc2ncnc3ccc(-c4ccc(OCc5cccc(Cl)c5)c(Cl)c4)cc23)o1,eMolecules,sales@emolecules.com,1010
c6008af9a82362f5ab4b8f9f,CS(=O)(=O)NCc1cccc(-c2ccc3ncnc(NC(=O)c4ccc(OCc5cccc(F)c5)c(Cl)c4)c3c2)c1,eMolecules,sales@emolecules.com,860
3375eec7c54890aaf74c2c69,CS(=O)(=O)NCc1ccc(-c2ccc3c(NC(=O)c4ccc(OCc5cccc(F)c5)c(Cl)c4)ncnc3c2)cc1,eMolecules,sales@emolecules.com,840
d721bbaface5eecde6b98703,CS(=O)(=O)Cc1ccc(C(=O)Nc2ncnc3ccc(-c4ccc(OCc5ccc(F)cc5)c(Cl)c4)cc23)o1,eMolecules,sales@emolecules.com,1060
945d8366313710b241e6009f,CC(=O)c1cccc(Nc2ncnc3ccc(-c4ccc(OCc5ccccc5)c(F)c4)cc23)c1,Molecule.one,hello@molecule.one,
082df22e1215a3594733064c,CCCCS(=O)(=O)Nc1ccc(-c2ccc3ncnc(NC(=O)c4ccc(OCc5cccc(F)c5)c(Cl)c4)c3c2)cc1,eMolecules,sales@emolecules.com,910
5aab8417d7784c8ce52381b2,CS(=O)(=O)Cc1cccc(-c2ccc3ncnc(NC(=O)c4ccc(OCc5cccc(F)c5)c(Cl)c4)c3c2)c1,eMolecules,sales@emolecules.com,1060
d967c846cce871545f42e11e,CC(=O)c1cccc(Nc2ncnc3ccc(-c4ccc(OCc5ccccc5)c(C)c4)cc23)c1,Molecule.one,hello@molecule.one,
02a6be999896b8579a731168,CC(=O)c1cccc(Nc2ncnc3ccc(-c4ccc(OCc5cccc(F)c5)cc4)cc23)c1,Molecule.one,hello@molecule.one,
1c40a93ee330cdfe05c52c44,CC(=O)c1cccc(Nc2ncnc3ccc(-c4ccc(OCc5ccc(F)cc5)cc4)cc23)c1,Molecule.one,hello@molecule.one,
8a0bcf8c99bb5507a1ba13c4,CS(=O)(=O)NCc1ccc(-c2ccc3ncnc(NC(=O)c4ccc(COc5ccc(F)cc5Cl)o4)c3c2)cc1,eMolecules,sales@emolecules.com,710
c9393c5d3101277c55585edf,CS(=O)(=O)Cc1ccc(-c2ccc3ncnc(Nc4cccc(O)c4)c3c2)cc1F,Molecule.one,hello@molecule.one,
25613ec7ed9ae0a80f687f1b,CC(=O)c1cccc(Nc2ncnc3ccc(-c4ccc(OCc5cc(F)cc(F)c5)cc4)cc23)c1,Molecule.one,hello@molecule.one,
e17a584fec5ddfaac4de96f0,CS(=O)(=O)CC#Cc1ccc2ncnc(NC(=O)c3ccc(OCc4cccc(F)c4)c(Cl)c3)c2c1,eMolecules,sales@emolecules.com,910
173629104dd0ab8e62fbf632,CC(=O)c1ccc(Nc2ncnc3ccc(-c4ccc(OCc5ccccc5)c(F)c4)cc23)cc1,Molecule.one,hello@molecule.one,
970a74b958abd702b76369fb,CS(=O)(=O)Cc1ccc(-c2ccc3ncnc(Nc4cccc(C(=O)O)c4)c3c2)cc1F,Molecule.one,hello@molecule.one,
67b396fad470c341dbcdc30e,CC(=O)c1ccc(Nc2ncnc3ccc(-c4ccc(OCc5cccc(F)c5)cc4)cc23)cc1,Molecule.one,hello@molecule.one,
a58078357e21885888177a98,CC(=O)c1ccc(Nc2ncnc3ccc(-c4ccc(OCc5ccccc5)c(C)c4)cc23)cc1,Molecule.one,hello@molecule.one,
97e85a6fdba1415e6ad94aea,CC(=O)NCc1cccc(-c2ccc3ncnc(NC(=O)c4ccc(OCc5cccc(F)c5)c(Cl)c4)c3c2)c1,eMolecules,sales@emolecules.com,810
21350dcccead10814f840643,CS(=O)(=O)NCc1ccc(-c2ccc3ncnc(Nc4cccc(O)c4)c3c2)cc1,Molecule.one,hello@molecule.one,
289b5c065fa33e0fdae0d481,CS(=O)(=O)Nc1ccc(-c2ccc3ncnc(Nc4cccc(C(=O)O)c4)c3c2)cc1F,Molecule.one,hello@molecule.one,
35395fdc9a1f4f0e5baaffd7,Cc1cc(-c2ccc3ncnc(Nc4ccc(C(=O)O)c(O)c4)c3c2)ccc1OCc1ccccc1,Molecule.one,hello@molecule.one,
cd3db84c9474b445b6c1e6fe,CS(=O)(=O)Nc1cccc(-c2ccc3ncnc(NC(=O)c4ccc(OCc5cccc(F)c5)c(Cl)c4)c3c2)c1,eMolecules,sales@emolecules.com,790
feb0f8702c0615352511f834,CS(=O)(=O)Cc1ccc(C(=O)Nc2ncnc3ccc(-c4ccc(OCc5cccc(F)c5)cc4)cc23)o1,eMolecules,sales@emolecules.com,1060
1f444d47deeb6290f1138d32,O=C(O)c1ccc(Nc2ncnc3ccc(-c4ccc(OCc5cccc(F)c5)cc4)cc23)cc1O,Molecule.one,hello@molecule.one,
cf708bacefc1f8a8005f36e9,CCC(=O)Nc1ccc2ncnc(Nc3cccc(-c4ccc(OCc5cc(F)cc(F)c5)cc4)c3)c2c1,Molecule.one,hello@molecule.one,
8cc1ed66bcdeb0afc3e91fa9,CS(=O)(=O)Nc1ccc(-c2ccc3ncnc(Nc4cccc(O)c4)c3c2)cc1F,Molecule.one,hello@molecule.one,
87981be5062d63d0acdfddba,CCC(=O)Nc1ccc2ncnc(Nc3cccc(-c4ccc(OCc5ccccc5)c(OC)c4)c3)c2c1,Molecule.one,hello@molecule.one,
8993f50d2fcc8aad91a17707,CC(=O)c1ccc(Nc2ncnc3ccc(-c4cccc(OCc5ccc(F)cc5)c4)cc23)cc1,Molecule.one,hello@molecule.one,
f31ec7f6ea444ce54fcdd4fb,O=C(O)c1cccc(Nc2ncnc3ccc(-c4ccc(OCc5cccc(F)c5)cc4)cc23)c1,Molecule.one,hello@molecule.one,
9eecbafa2a161e0337e3b53e,CS(=O)(=O)c1ccc(-c2ccc3ncnc(NC(=O)c4ccc(OCc5cccc(F)c5)c(Cl)c4)c3c2)cc1Cl,eMolecules,sales@emolecules.com,810
ea3de48191234f0ef9bac4c2,CCC(=O)Nc1ccc2ncnc(Nc3cccc(-c4ccc(OCc5ccccc5)c(F)c4F)c3)c2c1,Molecule.one,hello@molecule.one,
304519f2b83ec2c10987ba3e,O=C(O)c1cccc(Nc2ncnc3ccc(-c4ccc(OCc5ccccc5)c(F)c4)cc23)c1,Molecule.one,hello@molecule.one,
35ffc94a0429de5e08638e40,CS(=O)(=O)Cc1ccc(C(=O)Nc2ncnc3ccc(-c4ccc(OCc5ccccc5)c(Cl)c4)cc23)o1,eMolecules,sales@emolecules.com,990
60e71d81b4b95272fb6e1481,CCc1cc(-c2ccc3ncnc(Nc4ccc(C(=O)O)c(O)c4)c3c2)ccc1OCc1ccccc1,Molecule.one,hello@molecule.one,
2fbab9e043ac834fbf44a383,CCC(=O)Nc1ccc2ncnc(Nc3cccc(-c4ccc(OCc5ccccc5)c(F)c4)c3)c2c1,Molecule.one,hello@molecule.one,
64bccfcf1147ffac7fcea1e8,CCC(=O)Nc1ccc2ncnc(Nc3cccc(-c4ccc(OCc5ccccc5)c(C)c4)c3)c2c1,Molecule.one,hello@molecule.one,
a243505f6e53bef5f86bb7e5,CS(=O)(=O)NCc1cccc(-c2ccc3ncnc(Nc4ccc(C(=O)O)c(O)c4)c3c2)c1,Molecule.one,hello@molecule.one,
11b8561d0b8f5eee517bfda8,CCCCS(=O)(=O)NCc1ccc(-c2ccc3ncnc(NC(=O)c4ccc(OCc5cccc(F)c5)c(Cl)c4)c3c2)cc1,eMolecules,sales@emolecules.com,1060
e2f1fb0bfefdf227a9780417,CCC(=O)Nc1ccc2ncnc(Nc3cccc(-c4ccc(OCc5cccc(F)c5)cc4)c3)c2c1,Molecule.one,hello@molecule.one,
ba0d2fc95ae4533ca74ebe28,CCCCS(=O)(=O)Nc1ccc(-c2ccc3c(NC(=O)c4ccc(OCc5cccc(F)c5)c(Cl)c4)ncnc3c2)cc1,eMolecules,sales@emolecules.com,890
8c646bc5af63bb4843006a8c,COc1cc(-c2ccc3ncnc(Nc4ccc(C(=O)O)c(O)c4)c3c2)ccc1OCc1ccccc1,Molecule.one,hello@molecule.one,
4366334ff0633103da52b3fb,CC(=O)c1cccc(Nc2ncnc3ccc(-c4cc(F)c(OCc5ccccc5)c(F)c4)cc23)c1,Molecule.one,hello@molecule.one,
5a098c1c5bcaa1eef5677620,CC(=O)c1ccc(Nc2ncnc3ccc(-c4ccc(OCc5cc(F)cc(F)c5)cc4)cc23)cc1,Molecule.one,hello@molecule.one,
5ecd72cd5beaf94c79deebb2,O=C(O)c1ccc(Nc2ncnc3ccc(-c4ccc(OCc5ccccc5)c(F)c4)cc23)cc1O,Molecule.one,hello@molecule.one,
e93df699d6a4ceb6b6e41bc7,O=C(O)c1cccc(Nc2ncnc3ccc(-c4ccc(OCc5ccc(F)cc5)cc4)cc23)c1,Molecule.one,hello@molecule.one,
e3fe1d7c524782496a4316ad,COc1cc(-c2ccc3ncnc(Nc4cccc(C(C)=O)c4)c3c2)ccc1OCc1ccccc1,Molecule.one,hello@molecule.one,
2a4006b69501940b41dd52e9,CCC(=O)Nc1ccc2ncnc(Nc3cccc(-c4ccc(OCc5ccccc5)c(CC)c4)c3)c2c1,Molecule.one,hello@molecule.one,
7cb9e5f2744d0688b94aa24b,CC(=O)OCc1cccc(-c2ccc3ncnc(NC(=O)c4ccc(OCc5cccc(F)c5)c(Cl)c4)c3c2)c1,eMolecules,sales@emolecules.com,810
035fa0ae5bbf252f8f7d2898,O=C(O)c1ccc(Nc2ncnc3ccc(-c4cccc(OCc5ccc(F)cc5)c4)cc23)cc1O,Molecule.one,hello@molecule.one,
c3f4865d404692a8c99f9895,Cc1cc(F)ccc1COc1ccc(-c2ccc3ncnc(Nc4cccc(O)c4)c3c2)cc1,Molecule.one,hello@molecule.one,
638b68a4eec07a03de8d2883,O=C(O)c1ccc(Nc2ncnc3ccc(-c4ccc(OCc5cccc(F)c5)cc4)cc23)cc1,Molecule.one,hello@molecule.one,
65979be8f6ef316935b23eb1,CC(=O)c1ccc(Nc2ncnc3ccc(-c4cccc(OCc5cc(F)cc(F)c5)c4)cc23)cc1,Molecule.one,hello@molecule.one,
0f6bf0a6be4031e881b0c740,O=C(O)c1cccc(Nc2ncnc3ccc(-c4ccc(OCc5cc(F)cc(F)c5)cc4)cc23)c1,Molecule.one,hello@molecule.one,
037d1cdb48c57757b48b8362,CS(=O)(=O)CCn1cc(-c2ccc3ncnc(Nc4cccc(C(=O)O)c4)c3c2)ccc1=O,Molecule.one,hello@molecule.one,
e4c7ad25177d91e3eec1eedb,O=C(O)c1ccc(Nc2ncnc3ccc(-c4ccc(OCc5ccccc5)c(F)c4)cc23)cc1,Molecule.one,hello@molecule.one,
51378a04e101e9b7a2ad606f,CS(=O)(=O)Cc1ccc(-c2ccc3ncnc(Nc4cccc(C(=O)O)c4)c3c2)cc1,Molecule.one,hello@molecule.one,
4c39988c32653156f9580bfa,CN(C)CCOc1cc(-c2ccc3ncnc(NC(=O)c4ccc(OCc5cccc(F)c5)c(Cl)c4)c3c2)ccc1Cl,eMolecules,sales@emolecules.com,1060
3610c06efd69cb219492cc4a,CS(=O)(=O)NCc1cccc(-c2ccc3c(NC(=O)c4ccc(OCc5cccc(F)c5)c(Cl)c4)ncnc3c2)c1,eMolecules,sales@emolecules.com,840
da410778503f746a6f13b6e8,CC(=O)c1cccc(Nc2ncnc3ccc(-c4ccc(OCc5ccccc5)c(F)c4F)cc23)c1,Molecule.one,hello@molecule.one,
95d3cba5d0f4519b507194e3,CC(C)(C)OCc1cccc(-c2ccc3ncnc(NC(=O)c4ccc(OCc5cccc(F)c5)c(Cl)c4)c3c2)c1,eMolecules,sales@emolecules.com,790
c5cebc31032b25f90d00d178,CC(=O)c1cccc(Nc2ncnc3ccc(-c4cccc(OCc5ccc(F)cc5)c4)cc23)c1,Molecule.one,hello@molecule.one,
abf5fae04f763c8af96b4035,COc1cc(-c2ccc3ncnc(Nc4ccc(C(=O)O)cc4)c3c2)ccc1OCc1ccccc1,Molecule.one,hello@molecule.one,
5bd34f67e413a4e36d0b25fe,CC(=O)c1cccc(Nc2ncnc3ccc(-c4ccc(OC(F)F)c(OCc5ccccc5)c4)cc23)c1,Molecule.one,hello@molecule.one,
7ca0b741b40c105a5f40e05c,O=C(O)c1ccc(Nc2ncnc3ccc(-c4ccc(OCc5cc(F)cc(F)c5)cc4)cc23)cc1O,Molecule.one,hello@molecule.one,
55f92a499cf93ce275b2a529,CCc1cc(-c2ccc3ncnc(Nc4cccc(C(C)=O)c4)c3c2)ccc1OCc1ccccc1,Molecule.one,hello@molecule.one,
52543d70aa3a6448b268f414,CS(=O)(=O)Cc1ccc(C(=O)Nc2ncnc3ccc(-c4cccc(OCc5cccc(F)c5)c4)cc23)o1,eMolecules,sales@emolecules.com,990
54ae2bc6c1ced67255970010,CCC(=O)Nc1ccc2ncnc(Nc3cccc(-c4ccc(OCc5ccc(F)cc5)cc4)c3)c2c1,Molecule.one,hello@molecule.one,
5de68f6cdaa383bb6557d520,O=C(O)c1ccc(Nc2ncnc3ccc(-c4cccc(OCc5ccc(F)cc5)c4)cc23)cc1,Molecule.one,hello@molecule.one,
dcbb639d1f60a734abefd08e,CS(=O)(=O)NCCC#Cc1ccc2ncnc(NC(=O)c3ccc(OCc4cccc(F)c4)c(Cl)c3)c2c1,eMolecules,sales@emolecules.com,1460
f08ccbee6fd4a658e697578f,COCCOc1cc(-c2ccc3ncnc(NC(=O)c4ccc(OCc5cccc(F)c5)c(Cl)c4)c3c2)ccc1Cl,eMolecules,sales@emolecules.com,810
0dd2d1e5c426c50b33f5277f,CCS(=O)(=O)Nc1ccc(-c2ccc3ncnc(Nc4cccc(O)c4)c3c2)cc1F,Molecule.one,hello@molecule.one,
4bae2061e08b52bfc3a32a19,CCc1cc(-c2ccc3ncnc(Nc4ccc(C(=O)O)cc4)c3c2)ccc1OCc1ccccc1,Molecule.one,hello@molecule.one,
7605097df87a4210dbdf970e,CCCCOc1ccc(-c2ccc3ncnc(NC(=O)c4ccc(OCc5cccc(F)c5)c(Cl)c4)c3c2)cc1F,eMolecules,sales@emolecules.com,790
14a77cfe5ee6de6bf71bfadc,Cc1cc(-c2ccc3ncnc(Nc4ccc(C(=O)O)cc4)c3c2)ccc1OCc1ccccc1,Molecule.one,hello@molecule.one,
ab13aabe722b41b644b3fc62,CCC(=O)Nc1ccc2ncnc(Nc3cccc(-c4ccc(=O)n(CCS(C)(=O)=O)c4)c3)c2c1,Molecule.one,hello@molecule.one,
df0fadd0ed1dc7594e3f91e2,CC(=O)c1ccc(Nc2ncnc3ccc(-c4ccc(F)c(OCc5ccccc5)c4)cc23)cc1,Molecule.one,hello@molecule.one,
27287ca38fd790e7b0272e3c,CS(=O)(=O)Cc1cccc(-c2ccc3ncnc(Nc4ccc(C(=O)O)c(O)c4)c3c2)c1,Molecule.one,hello@molecule.one,
565dc1f6ccf312bcfac637e9,CCS(=O)(=O)Nc1cccc(-c2ccc3ncnc(NC(=O)c4ccc(OCc5cccc(F)c5)c(Cl)c4)c3c2)c1,eMolecules,sales@emolecules.com,860
66fccc371a248a85624e8b0e,Oc1cccc(Nc2ncnc3ccc(-c4ccc(OCc5ccccc5)c(F)c4)cc23)c1,Molecule.one,hello@molecule.one,
dcd922914d6deaf3efc45ab3,O=C(O)c1ccc(Nc2ncnc3ccc(-c4cccc(OCc5cc(F)cc(F)c5)c4)cc23)cc1O,Molecule.one,hello@molecule.one,
9c46f849a916065905340ce2,CS(=O)(=O)CCn1cc(-c2ccc3ncnc(Nc4cccc(O)c4)c3c2)cn1,Molecule.one,hello@molecule.one,
cf28f75397714070da570e41,Cc1ccc(C(=O)O)cc1Nc1ncnc2ccc(-c3ccc(OCc4cccc(F)c4)cc3)cc12,Molecule.one,hello@molecule.one,
20cd59380ceeeaff95fe0b58,CS(=O)(=O)CC#Cc1ccc2ncnc(C(=O)Nc3ccc(OCc4cccc(F)c4)c(Cl)c3)c2c1,eMolecules,sales@emolecules.com,1090
bed69374af2e7a8b279e4fe7,CCCCOc1ccc(-c2ccc3ncnc(NC(=O)c4ccc(OCc5cccc(F)c5)c(Cl)c4)c3c2)cc1Cl,eMolecules,sales@emolecules.com,790
ae3e0e394e0d78c8fbd14d4e,CCCOc1ccc(C(=O)Nc2ncnc3ccc(-c4ccc(OCc5cccc(F)c5)cc4)cc23)cc1Cl,eMolecules,sales@emolecules.com,660
ec97a5223889d623557dbb00,CS(=O)(=O)CCn1cc(-c2ccc3ncnc(Nc4cccc(O)c4)c3c2)ccc1=O,Molecule.one,hello@molecule.one,
3919da52a1fed17c92a23afc,O=C(O)c1ccc(Nc2ncnc3ccc(-c4ccc(OCc5cc(F)cc(F)c5)cc4)cc23)cc1,Molecule.one,hello@molecule.one,
83dc38d1e3744c093dcccd58,CC(C)(C)Oc1ccc(-c2ccc3ncnc(NC(=O)c4ccc(OCc5cccc(F)c5)c(Cl)c4)c3c2)cc1Cl,eMolecules,sales@emolecules.com,1060
a3a212b01159e86857ba56f1,CC(C)COc1cc(-c2ccc3ncnc(NC(=O)c4ccc(OCc5cccc(F)c5)c(Cl)c4)c3c2)ccc1Cl,eMolecules,sales@emolecules.com,860
8730f17ca82a6283f0f8c387,CS(=O)(=O)c1ccc(-c2ccc3ncnc(NC(=O)c4ccc(OCc5cccc(F)c5)c(Cl)c4)c3c2)cc1OCc1ccccc1,eMolecules,sales@emolecules.com,1060
16a6974d5e5ef0a8d1075a7a,CCCCS(=O)(=O)Nc1cccc(-c2ccc3ncnc(NC(=O)c4ccc(OCc5cccc(F)c5)c(Cl)c4)c3c2)c1,eMolecules,sales@emolecules.com,960
93afa216c0717020295910d8,CS(=O)(=O)Cc1cccc(-c2ccc3c(NC(=O)c4ccc(OCc5cccc(F)c5)c(Cl)c4)ncnc3c2)c1,eMolecules,sales@emolecules.com,1040
e80b242607f6fc39eb7084d7,O=C(O)c1ccc(Nc2ncnc3ccc(-c4cccc(OCc5cc(F)cc(F)c5)c4)cc23)cc1,Molecule.one,hello@molecule.one,
a5528f35938125a5fbf0077f,CC(=O)c1cccc(Nc2ncnc3ccc(-c4ccc(COc5cccc(F)c5)cc4)cc23)c1,Molecule.one,hello@molecule.one,
5d38f3f605ae3db07fe12190,CCCCOc1cc(-c2ccc3ncnc(NC(=O)c4ccc(OCc5cccc(F)c5)c(Cl)c4)c3c2)ccc1Cl,eMolecules,sales@emolecules.com,860
c679b6c176394a5d0a2eb197,CS(=O)(=O)Cc1cccc(-c2ccc3ncnc(NC(=O)c4ccc(COc5ccc(F)cc5Cl)o4)c3c2)c1,eMolecules,sales@emolecules.com,910
bb873291964aff246b4a2644,CC(=O)c1cccc(Nc2ncnc3ccc(-c4ccc(F)c(OCc5ccccc5)c4)cc23)c1,Molecule.one,hello@molecule.one,
0f402749c44c64539fa034b2,CCCS(=O)(=O)Nc1cccc(-c2ccc3ncnc(NC(=O)c4ccc(OCc5cccc(F)c5)c(Cl)c4)c3c2)c1,eMolecules,sales@emolecules.com,960
972194d7fb4a953b6e6a0863,CC(=O)c1ccc(Nc2ncnc3ccc(-c4ccc(OCc5ccccc5)c(F)c4F)cc23)cc1,Molecule.one,hello@molecule.one,
ce2a5cf1ad3edcfc46d8eaba,CS(=O)(=O)c1ccc(-c2ccc3ncnc(NC(=O)c4ccc(OCc5cccc(F)c5)c(Cl)c4)c3c2)c(Cl)c1,eMolecules,sales@emolecules.com,1460
09ee487279f02e7a60ce5228,CC(=O)c1ccc(Nc2ncnc3ccc(-c4ccc(COc5cccc(F)c5)cc4)cc23)cc1,Molecule.one,hello@molecule.one,
517490073e235e9dcad7dc9e,COc1cc(-c2ccc3ncnc(Nc4cccc(C(=O)O)c4)c3c2)ccc1OCc1ccccc1,Molecule.one,hello@molecule.one,
c1f5e1a2c63ceac7643a6cbd,O=C(O)c1ccc(Nc2ncnc3ccc(-c4ccc(F)c(OCc5ccccc5)c4)cc23)cc1,Molecule.one,hello@molecule.one,
a700957322015c9490822115,COc1cc(-c2ccc3ncnc(Nc4cccc(O)c4)c3c2)ccc1OCc1ccccc1,Molecule.one,hello@molecule.one,
07e50b81bccae69d7c98c0dc,Oc1cccc(Nc2ncnc3ccc(-c4ccc(OCc5cccc(F)c5)cc4)cc23)c1,Molecule.one,hello@molecule.one,
9080b1b16a91dcb8fac55ea8,CC(=O)c1ccc(Nc2ncnc3ccc(-c4cccc(COc5cccc(F)c5)c4)cc23)cc1,Molecule.one,hello@molecule.one,
9d351d7d80e565c7ec08692e,CCc1cc(-c2ccc3ncnc(Nc4cccc(O)c4)c3c2)ccc1OCc1ccccc1,Molecule.one,hello@molecule.one,
fee21606241d2c29c405dd92,Cc1cc(-c2ccc3ncnc(Nc4cccc(C(=O)O)c4)c3c2)ccc1OCc1ccccc1,Molecule.one,hello@molecule.one,
07a1e6e14e5847c213adbe8d,CS(=O)(=O)Nc1ccc(C#Cc2ccc3ncnc(NC(=O)c4ccc(OCc5cccc(F)c5)c(Cl)c4)c3c2)cc1,eMolecules,sales@emolecules.com,1760
f0611aab3c634f020c3ad386,Oc1cccc(Nc2ncnc3ccc(-c4ccc(OCc5ccc(F)cc5)cc4)cc23)c1,Molecule.one,hello@molecule.one,
3ba9e4f3c354b84ae01b5f52,CC(C)(C)OCc1cccc(-c2ccc3ncnc(Nc4ccc(C(=O)O)c(O)c4)c3c2)c1,Molecule.one,hello@molecule.one,
9b718de45fb8cee7d42447ec,CC(=O)c1cccc(Nc2ncnc3ccc(-c4cccc(OCc5cc(F)cc(F)c5)c4)cc23)c1,Molecule.one,hello@molecule.one,
6fe5b7850a8028176a2b0c58,Oc1cccc(Nc2ncnc3ccc(-c4ccc(OCc5cc(F)cc(F)c5)cc4)cc23)c1,Molecule.one,hello@molecule.one,
30341b3a853065ac295ca8fd,O=C(O)c1cccc(Nc2ncnc3ccc(-c4cccc(OCc5ccc(F)cc5)c4)cc23)c1,Molecule.one,hello@molecule.one,
f0fa9c563c316f1ac3b8e430,O=C(O)c1ccc(Nc2ncnc3ccc(-c4ccc(COc5cccc(F)c5)cc4)cc23)cc1O,Molecule.one,hello@molecule.one,
f42b58c9ea077175fd68402e,CC(=O)c1cccc(Nc2ncnc3ccc(-c4ccc(COc5ccc(F)cc5)cc4)cc23)c1,Molecule.one,hello@molecule.one,
19646541f517fe8c80714f7c,CCCS(=O)(=O)NCc1ccc(-c2ccc3ncnc(NC(=O)c4ccc(COc5ccc(F)cc5Cl)o4)c3c2)cc1,eMolecules,sales@emolecules.com,1010
c180160f5caf0135c7b36478,O=C(O)c1cccc(Nc2ncnc3ccc(-c4ccc(OCc5ccccc5)c(F)c4F)cc23)c1,Molecule.one,hello@molecule.one,
c4123dbeeb8edb88dec7770f,O=C(O)c1ccc(Nc2ncnc3ccc(-c4ccc(F)c(OCc5ccccc5)c4)cc23)cc1O,Molecule.one,hello@molecule.one,
fa83f33af2c6373875378eea,CCc1cc(-c2ccc3ncnc(Nc4cccc(C(=O)O)c4)c3c2)ccc1OCc1ccccc1,Molecule.one,hello@molecule.one,
7d11c20606b79da1c4b25b07,Cc1cc(-c2ccc3ncnc(Nc4cccc(O)c4)c3c2)ccc1OCc1ccccc1,Molecule.one,hello@molecule.one,
42eec25cd20d2066165185cf,COc1cc(COc2ccc(-c3ccc4ncnc(NC(=O)c5ccc(OCc6cccc(F)c6)cc5)c4c3)cc2Cl)cc(OC)c1,eMolecules,sales@emolecules.com,590
89aee9c83ca174ad732b0663,CCS(=O)(=O)Nc1ccc(-c2ccc3ncnc(Nc4cccc(O)c4)c3c2)cc1,Molecule.one,hello@molecule.one,
43171b015ece155b550bdaea,CCC(=O)Nc1ccc2ncnc(Nc3cccc(-c4ccc(CS(C)(=O)=O)c(F)c4)c3)c2c1,Molecule.one,hello@molecule.one,
d4b111fc6316ddc9271d0160,COc1ccc(-c2ccc(CCC(=O)Nc3ncnc4ccc(-c5ccc(OCc6cccc(Cl)c6)c(Cl)c5)cc34)o2)cc1,eMolecules,sales@emolecules.com,660
5dccefe55a43291349e295ea,CS(=O)(=O)NCc1cccc(-c2ccc3ncnc(NC(=O)c4ccc(COc5ccc(F)cc5Cl)o4)c3c2)c1,eMolecules,sales@emolecules.com,710
10b95c38710fc573f472bdff,CCC(=O)Nc1ccc2ncnc(Nc3cccc(-c4ccc(COc5cccc(F)c5)cc4)c3)c2c1,Molecule.one,hello@molecule.one,
4b305cb4bf5a089fdcfa68b9,CC(=O)c1cccc(Nc2ncnc3ccc(-c4ccc(CNC(=O)OC(C)(C)C)o4)cc23)c1,Molecule.one,hello@molecule.one,
89323a24b44ff9c7031f4cd2,CS(=O)(=O)Nc1cccc(-c2ccc3c(NC(=O)c4ccc(OCc5cccc(F)c5)c(Cl)c4)ncnc3c2)c1,eMolecules,sales@emolecules.com,770
19919a9c36d8113e5ca36e39,CC(=O)c1cccc(Nc2ncnc3ccc(-c4cc(F)c(OCc5ccccc5)cc4F)cc23)c1,Molecule.one,hello@molecule.one,
b11226218c01f19c19c1970e,CS(=O)(=O)Cc1ccc(C(=O)Nc2ncnc3ccc(-c4cccc(COc5ccccc5Cl)c4)cc23)o1,eMolecules,sales@emolecules.com,1060
79afb1ef61d0f28529a1cbf5,CC(=O)c1cccc(Nc2ncnc3ccc(-c4ccc(COc5ccccc5F)cc4)cc23)c1,Molecule.one,hello@molecule.one,
ed5e0b033d03e801aaa2bba1,CCCCS(=O)(=O)Nc1ccc(-c2ccc3ncnc(Nc4cccc(O)c4)c3c2)cc1,Molecule.one,hello@molecule.one,
4bc9ebbc1de2e4df5aa95ae6,CCCOc1ccc(-c2ccc3ncnc(NC(=O)c4ccc(OCc5cccc(F)c5)c(Cl)c4)c3c2)cc1F,eMolecules,sales@emolecules.com,790
a546b46dc1c618a93e717bb1,COc1ccc(-c2ccc(CCC(=O)Nc3ncnc4ccc(-c5ccc(OCc6ccc(F)cc6)c(Cl)c5)cc34)o2)cc1,eMolecules,sales@emolecules.com,710
f3e2b86b78539a70bb420d75,COc1cc(COc2ccc(-c3ccc4ncnc(NC(=O)c5ccc(OCc6cccc(F)c6)c(Cl)c5)c4c3)cc2Cl)cc(OC)c1,eMolecules,sales@emolecules.com,790
673570791a73ada6a435f22c,CC(=O)c1cccc(Nc2ncnc3ccc(-c4ccc(CS(C)(=O)=O)c(F)c4)cc23)c1,Molecule.one,hello@molecule.one,
85861de874a09f4b60f44f07,O=C(O)c1ccc(Nc2ncnc3ccc(-c4ccc(OCc5ccccc5)c(F)c4F)cc23)cc1O,Molecule.one,hello@molecule.one,
ca6b9a8fe9477ab656015bd8,CC(=O)c1ccc(Nc2ncnc3ccc(-c4cccc(COC(C)(C)C)c4)cc23)cc1,Molecule.one,hello@molecule.one,
b227172750252a73d50b026c,O=C(O)c1ccc(Nc2ncnc3ccc(-c4cccc(COc5cccc(F)c5)c4)cc23)cc1O,Molecule.one,hello@molecule.one,
ae19ceff4c7343c74d1fd4a0,O=C(O)c1ccc(Nc2ncnc3ccc(-c4ccc(OCc5ccccc5)c(F)c4F)cc23)cc1,Molecule.one,hello@molecule.one,
3d3804208c9572befe33ed37,CC(=O)c1ccc(Nc2ncnc3ccc(-c4cccc(COc5ccc(F)cc5)c4)cc23)cc1,Molecule.one,hello@molecule.one,
ac945d0e71c0f642bcebaf4a,O=C(O)c1cccc(Nc2ncnc3ccc(-c4ccc(F)c(OCc5ccccc5)c4)cc23)c1,Molecule.one,hello@molecule.one,
74c4219320ae5949a53fbc6e,CCC(=O)Nc1ccc2ncnc(Nc3cccc(-c4ccc(OC(F)F)c(OCc5ccccc5)c4)c3)c2c1,Molecule.one,hello@molecule.one,
a86dc91a4f05499c09ac6979,CCS(=O)(=O)NCc1ccc(-c2ccc3ncnc(Nc4cccc(O)c4)c3c2)cc1,Molecule.one,hello@molecule.one,
89f8edf570f7d03061b58e97,Oc1cccc(Nc2ncnc3ccc(-c4cccc(OCc5ccc(F)cc5)c4)cc23)c1,Molecule.one,hello@molecule.one,
24a7cd692eac2d4b82eadca8,Oc1cccc(Nc2ncnc3ccc(-c4ccc(OCc5ccccc5)c(F)c4F)cc23)c1,Molecule.one,hello@molecule.one,
d2e9e5ca1e7290679ae65f40,CC(Cc1cccc(F)c1)C(=O)Nc1ncnc2ccc(-c3ccc(OCc4cccc(Cl)c4)c(Cl)c3)cc12,eMolecules,sales@emolecules.com,810
963a8575896a6d5205183d48,CC(Cc1cccc(F)c1)C(=O)Nc1ncnc2ccc(-c3ccc(OCc4ccc(F)cc4)c(Cl)c3)cc12,eMolecules,sales@emolecules.com,860
8e726ea7923a3e71b8729070,CS(=O)(=O)NCc1cccc(-c2ccc3ncnc(Nc4ccc(C(=O)O)cc4)c3c2)c1,Molecule.one,hello@molecule.one,
6ff093edd1914ad8da1269d5,COCc1cc(F)cc(-c2ccc3ncnc(NC(=O)c4ccc(OCc5cccc(F)c5)c(Cl)c4)c3c2)c1,eMolecules,sales@emolecules.com,1060
a6c16667fe8b8738d56b47da,CC(=O)c1cccc(Nc2ncnc3ccc(-c4ccc(=O)n(CCS(C)(=O)=O)c4)cc23)c1,Molecule.one,hello@molecule.one,
861e90e4650cf543fd9ddd31,CCCCS(=O)(=O)Nc1ccc(-c2ccc3ncnc(NC(=O)c4ccc(COc5ccc(F)cc5Cl)o4)c3c2)cc1,eMolecules,sales@emolecules.com,760
b89bd3838fc677b083a6a9a1,CCCS(=O)(=O)Nc1ccc(-c2ccc3ncnc(Nc4cccc(O)c4)c3c2)cc1,Molecule.one,hello@molecule.one,
4cf8e2fdd76c8358857b2f81,CCC(=O)Nc1ccc2ncnc(Nc3cccc(-c4ccc(NS(C)(=O)=O)c(F)c4)c3)c2c1,Molecule.one,hello@molecule.one,
97f37ca94726990d49e35fa9,CCOCc1cc(F)cc(-c2ccc3ncnc(NC(=O)c4ccc(OCc5cccc(F)c5)c(Cl)c4)c3c2)c1,eMolecules,sales@emolecules.com,1260
7d4eaebf3e7fac4ae8b28f9d,CCCC(=O)Nc1cccc(-c2ccc3ncnc(NC(=O)c4ccc(OCc5cccc(F)c5)c(Cl)c4)c3c2)c1,eMolecules,sales@emolecules.com,1060
cfbab64eced34c541ad17328,CCCCOc1ccc(-c2ccc3ncnc(NC(=O)c4ccc(OCc5cccc(F)c5)c(Cl)c4)c3c2)cc1C=O,eMolecules,sales@emolecules.com,860
b4cec00cf089e70d6baecc0c,CS(=O)(=O)c1ccc(C#Cc2ccc3ncnc(NC(=O)c4ccc(OCc5cccc(F)c5)c(Cl)c4)c3c2)cc1,eMolecules,sales@emolecules.com,790
9a1d5ecca4ec8701160365ab,COc1ncc(-c2ccc3ncnc(NC(=O)c4ccc(OCc5cccc(F)c5)c(Cl)c4)c3c2)cc1NS(C)(=O)=O,eMolecules,sales@emolecules.com,1160
d12db114687a9112fd6c04cd,COc1ccc(-c2ccc3ncnc(Nc4ccc(C(=O)O)c(O)c4)c3c2)cc1OCc1ccccc1,Molecule.one,hello@molecule.one,
d439c46744aef084614a929a,CCOCc1cccc(-c2ccc3ncnc(NC(=O)c4ccc(OCc5cccc(F)c5)c(Cl)c4)c3c2)c1,eMolecules,sales@emolecules.com,810
1861fb0389cf94ce5c485a50,O=C(O)c1ccc(Nc2ncnc3ccc(-c4cccc(COc5cccc(F)c5)c4)cc23)cc1,Molecule.one,hello@molecule.one,
7a95ffedfe79ecc0a605cd4e,O=C(O)c1cccc(Nc2ncnc3ccc(-c4ccc(COc5cccc(F)c5)cc4)cc23)c1,Molecule.one,hello@molecule.one,
7d7324fb785434c950cc7d7c,CCC(=O)Nc1ccc2ncnc(Nc3cccc(-c4ccc(COc5ccc(F)cc5)cc4)c3)c2c1,Molecule.one,hello@molecule.one,
b218206ec3bf4425d34d2028,CCCOc1ccc(-c2ccc3ncnc(NC(=O)c4ccc(OCc5cccc(F)c5)c(Cl)c4)c3c2)cc1Cl,eMolecules,sales@emolecules.com,810
ed0e92537aeb6ccf75d43ac1,O=C(O)c1ccc(Nc2ncnc3ccc(-c4ccc(COc5cccc(F)c5)cc4)cc23)cc1,Molecule.one,hello@molecule.one,
11e87a15387b7a87f86570cc,CC(Cc1cccc(F)c1)C(=O)Nc1ncnc2ccc(-c3ccc(OCc4ccccc4)c(Cl)c3)cc12,eMolecules,sales@emolecules.com,790
d5544dcc51cf8f177868ae1a,CC(=O)c1ccc(Nc2ncnc3ccc(-c4cccc(COc5ccccc5)c4)cc23)cc1,Molecule.one,hello@molecule.one,
9575e6d9dcfa9542e5f27c1c,CC(C)(C)OC(=O)Nc1ccc(-c2ccc3ncnc(NC(=O)c4ccc(OCc5cccc(F)c5)c(Cl)c4)c3c2)c(Cl)c1,eMolecules,sales@emolecules.com,910
7f88b4ed6f7fc69edf2d142a,CC(=O)c1cccc(Nc2ncnc3ccc(-c4ccc(CNc5ccc(F)cc5)cc4)cc23)c1,Molecule.one,hello@molecule.one,
57b872a01021bedd400a0d9c,CCC(=O)Nc1ccc2ncnc(Nc3cccc(-c4ccc(CNC(=O)c5cc(F)ccc5OC)cc4)c3)c2c1,Molecule.one,hello@molecule.one,
6577dfbcc8cfaade623b0221,CCC(=O)Nc1ccc2ncnc(Nc3cccc(-c4ccc(CS(C)(=O)=O)cc4F)c3)c2c1,Molecule.one,hello@molecule.one,
c5b8bd255f226d21158f108e,CS(=N)(=O)NCC#Cc1ccc2ncnc(NC(=O)c3ccc(OCc4cccc(F)c4)c(Cl)c3)c2c1,eMolecules,sales@emolecules.com,1460
ecfd74d3b3483ce141917657,CC(C)c1cc(-c2ccc3ncnc(NC(=O)c4ccc(OCc5cccc(F)c5)c(Cl)c4)c3c2)ccc1OCc1ccccc1,eMolecules,sales@emolecules.com,1060
bb3e605c25c64f34cb0bc3e1,O=C(O)c1ccc(Nc2ncnc3ccc(-c4cccc(COc5ccc(F)cc5)c4)cc23)cc1O,Molecule.one,hello@molecule.one,
1114c0758057f6beb235d7e0,O=C(O)c1cccc(Nc2ncnc3ccc(-c4cccc(OCc5cc(F)cc(F)c5)c4)cc23)c1,Molecule.one,hello@molecule.one,
2e7b4251f2f395d1a0c5b5e5,CC(=O)c1ccc(Nc2ncnc3ccc(-c4cccc(OCc5ccccc5)c4F)cc23)cc1,Molecule.one,hello@molecule.one,
4c9b9165907687b8cb3cff4d,CC(=O)c1ccc(Nc2ncnc3ccc(-c4cccc(COc5ccccc5C)c4)cc23)cc1,Molecule.one,hello@molecule.one,
476e96ba5d8cbc26c231b0e4,CCCS(=O)(=O)NCc1ccc(-c2ccc3ncnc(Nc4cccc(O)c4)c3c2)cc1,Molecule.one,hello@molecule.one,
ee9365e4d6bc40e53169cc07,CCCOc1cc(-c2ccc3ncnc(NC(=O)c4ccc(OCc5cccc(F)c5)c(Cl)c4)c3c2)ccc1Cl,eMolecules,sales@emolecules.com,910
68eedf4df714917252c80fc6,CCCCOc1cc(-c2ccc3ncnc(NC(=O)c4ccc(OCc5cccc(F)c5)c(Cl)c4)c3c2)c(Cl)cc1Cl,eMolecules,sales@emolecules.com,960
979d36815e44038f4e543cdd,Cc1c(OCc2ccccc2)ccc(-c2ccc3ncnc(Nc4cccc(O)c4)c3c2)c1C,Molecule.one,hello@molecule.one,
63699fa2f7d40090acbee268,CC(=O)c1ccc(Nc2ncnc3ccc(-c4cc(F)c(OCc5ccccc5)cc4F)cc23)cc1,Molecule.one,hello@molecule.one,
76708008d507b8dbd9aeb48b,COc1cc2ncnc(Nc3cccc(-c4ccc(OCc5cc(F)cc(F)c5)cc4)c3)c2cc1OC,Molecule.one,hello@molecule.one,
a49e8fa6fca83f2eb4f08456,Oc1cccc(Nc2ncnc3ccc(-c4cccc(OCc5cc(F)cc(F)c5)c4)cc23)c1,Molecule.one,hello@molecule.one,
a6eeb490e428f251efd265ea,CS(=O)(=O)Cc1cccc(-c2ccc3ncnc(Nc4ccc(C(=O)O)cc4)c3c2)c1,Molecule.one,hello@molecule.one,
2fd2b8f590a509b0388429ee,CC(=O)c1cccc(Nc2ncnc3ccc(-c4cccc(COc5ccc(F)cc5)c4)cc23)c1,Molecule.one,hello@molecule.one,
032c35bd57f14ca6804de3cb,CS(=O)(=O)NCc1cccc(-c2ccc3ncnc(Nc4cccc(O)c4)c3c2)c1,Molecule.one,hello@molecule.one,
72e012613a66ad6ff3ac54b9,CC(=O)c1ccc(Nc2ncnc3ccc(-c4ccc(COc5ccccc5F)cc4)cc23)cc1,Molecule.one,hello@molecule.one,
9cb7ce88e673f92c9262d42d,O=C(O)c1ccc(Nc2ncnc3ccc(-c4cccc(OCc5ccccc5)c4F)cc23)cc1O,Molecule.one,hello@molecule.one,
d300ecd998611a789f54f19a,CCCOc1ccc(C(=O)Nc2ncnc3ccc(-c4cccc(OCc5cccc(F)c5)c4)cc23)cc1Cl,eMolecules,sales@emolecules.com,590
8b59a0eb206c8272c9931fec,CCC(=O)Nc1ccc2ncnc(Nc3cccc(-c4ccc(CNC(=O)OC(C)(C)C)o4)c3)c2c1,Molecule.one,hello@molecule.one,
780ad28628d0e5a02185a42f,O=C(CCc1ccc(-c2ccccc2)o1)Nc1ncnc2ccc(-c3ccc(OCc4ccc(F)cc4)c(Cl)c3)cc12,eMolecules,sales@emolecules.com,960
e5b1335b3becd4b70c48c428,CC(=O)c1cccc(Nc2ncnc3ccc(-c4cccc(OCc5ccccc5)c4F)cc23)c1,Molecule.one,hello@molecule.one,
44e7e4b79a6abbd1636fa764,COc1cc2ncnc(Nc3cccc(-c4ccc(OCc5cccc(F)c5)cc4)c3)c2cc1OC,Molecule.one,hello@molecule.one,
066ea6a016cf12de805b4542,Cc1cccc(-c2ccc(C(=O)Nc3ncnc4ccc(-c5ccc(OCc6cccc(F)c6)cc5)cc34)o2)c1,eMolecules,sales@emolecules.com,860
ee60375436fa96d468b346bf,O=C(CC#Cc1ccc2ncnc(NCc3ccc(Cl)cc3)c2c1)Nc1ccc(OCc2cccc(F)c2)c(Cl)c1,eMolecules,sales@emolecules.com,1470
4ce5fde729f7e55e5f11212d,CC(=O)c1ccc(Nc2ncnc3ccc(-c4cc(OCc5ccccc5)c(F)cc4F)cc23)cc1,Molecule.one,hello@molecule.one,
b38808004d95a55231fc1e11,Cc1ccc(-c2cccc(C(=O)Nc3ncnc4ccc(-c5ccc(OCc6ccc(F)cc6)c(Cl)c5)cc34)c2)o1,eMolecules,sales@emolecules.com,1060
6c06919e1f19a9f8d5ff48f2,CC(=O)c1cccc(Nc2ncnc3ccc(-c4cccc(COc5cccc(F)c5)c4)cc23)c1,Molecule.one,hello@molecule.one,
27a508b8216fbbdfbd6c3e4c,O=C(CCc1ccc(-c2ccccc2)o1)Nc1ncnc2ccc(-c3ccc(OCc4cccc(Cl)c4)c(Cl)c3)cc12,eMolecules,sales@emolecules.com,910
1d60beff7ef15ab903d8411d,CC(=O)c1cccc(Nc2ncnc3ccc(-c4cc(OCc5ccccc5)ccc4F)cc23)c1,Molecule.one,hello@molecule.one,
137e6c981afed859eef9dc15,CC(C)(Cc1cccc(F)c1)C(=O)Nc1ncnc2ccc(-c3ccc(OCc4ccc(F)cc4)c(Cl)c3)cc12,eMolecules,sales@emolecules.com,960
ca8b21f81e451ab9b96a4aa6,O=C(O)c1cccc(Nc2ncnc3ccc(-c4ccc(COc5ccc(F)cc5)cc4)cc23)c1,Molecule.one,hello@molecule.one,
2ef3ff5a1a174b580b494c63,Cc1cccc(-c2ccc(C(=O)Nc3ncnc4ccc(-c5ccc(OCc6ccc(F)cc6)c(Cl)c5)cc34)o2)c1,eMolecules,sales@emolecules.com,860
f24aeb5d017ee34f9e47ccbb,O=C(O)c1ccc(Nc2ncnc3ccc(-c4cccc(COc5ccc(F)cc5)c4)cc23)cc1,Molecule.one,hello@molecule.one,
4b43ab4468fb74088c7e04dc,CCCCOc1ccc(-c2ccc3ncnc(NC(=O)c4ccc(OCc5cccc(F)c5)cc4)c3c2)cc1Cl,eMolecules,sales@emolecules.com,590
018b0f2a34c0c1a37e8c38b6,Fc1cccc(COc2ccc(-c3ccc4ncnc(NCCN5CCOCC5)c4c3)cc2)c1,Molecule.one,hello@molecule.one,
f1fe12d68f0fc0ca6f9b9fc0,CC(=O)c1ccc(Nc2ncnc3ccc(-c4cccc(Oc5cccc(F)c5)c4)cc23)cc1,Molecule.one,hello@molecule.one,
eb2383584e08b78259932da4,COc1ccc(-c2ccc3ncnc(Nc4cccc(C(C)=O)c4)c3c2)cc1OCc1ccccc1,Molecule.one,hello@molecule.one,
2f8c1f0eebae85af55cddb17,CC(=O)c1cccc(Nc2ncnc3ccc(-c4cc(OCc5ccccc5)c(F)cc4F)cc23)c1,Molecule.one,hello@molecule.one,
9fe8f7936ec2c46a72ee302d,Cc1ccc(-c2cccc(C(=O)Nc3ncnc4ccc(-c5ccc(OCc6cccc(F)c6)cc5)cc34)c2)o1,eMolecules,sales@emolecules.com,1060
81049cd9b6da3f2f7e69755c,Fc1cccc(COc2ccc(-c3ccc4ncnc(NCCc5ccccc5)c4c3)cc2)c1,Molecule.one,hello@molecule.one,
d4f6fbffe5aabbf9b661f6c5,CCCCS(=O)(=O)NCc1ccc(-c2ccc3ncnc(Nc4cccc(O)c4)c3c2)cc1,Molecule.one,hello@molecule.one,
cebd692e27ce69cf7f6f4e95,Cc1cc(-c2ccc3ncnc(NC(=O)c4ccc(OCc5cccc(F)c5)c(Cl)c4)c3c2)ccc1OCc1ccccc1,eMolecules,sales@emolecules.com,790
8adb334788edabc30cd2507c,COc1ccc(-c2ccc3ncnc(Nc4ccc(C(=O)O)cc4)c3c2)cc1OCc1ccccc1,Molecule.one,hello@molecule.one,
1084e82068d04980481ac0fd,Cc1ccc(-c2cccc(C(=O)Nc3ncnc4ccc(-c5ccc(OCc6cccc(Cl)c6)c(Cl)c5)cc34)c2)o1,eMolecules,sales@emolecules.com,1010
34132515c368aa5e77fe9f71,COc1cccc(-c2ccc(C(=O)Nc3ncnc4ccc(-c5ccc(OCc6ccc(F)cc6)c(Cl)c5)cc34)o2)c1,eMolecules,sales@emolecules.com,660
388c5e794c47605a55fc9ab0,Oc1cccc(Nc2ncnc3ccc(-c4ccc(F)c(OCc5ccccc5)c4)cc23)c1,Molecule.one,hello@molecule.one,
35d4e8805f46474e82cabd7d,Cc1ccc(CNCC#Cc2ccc3ncnc(NC(=O)c4ccc(OCc5cccc(F)c5)c(Cl)c4)c3c2)cc1,eMolecules,sales@emolecules.com,860
6bfd62afe452cada6319fb0f,O=C(Nc1ncnc2ccc(-c3ccc(OCc4cccc(F)c4)cc3)cc12)c1ccc(OCc2cccc(F)c2)c(Cl)c1,eMolecules,sales@emolecules.com,860
f0d06a12fd0aa25753fe60e0,O=C(Nc1ncnc2ccc(-c3ccc(OCc4ccc(F)cc4)c(Cl)c3)cc12)c1ccc(OCc2cccc(F)c2)c(Cl)c1,eMolecules,sales@emolecules.com,860
89128f08d1f6d323dd4ce85c,O=C(O)c1ccc(Nc2ncnc3ccc(-c4cccc(OCc5ccccc5)c4F)cc23)cc1,Molecule.one,hello@molecule.one,
c3b65cbdc9979001d88eadc6,Cc1cccc(-c2ccc(C(=O)Nc3ncnc4ccc(-c5ccc(OCc6cccc(Cl)c6)c(Cl)c5)cc34)o2)c1,eMolecules,sales@emolecules.com,810
d8428d7152417965963f25a8,CC(C)(Cc1cccc(F)c1)C(=O)Nc1ncnc2ccc(-c3ccc(OCc4cccc(Cl)c4)c(Cl)c3)cc12,eMolecules,sales@emolecules.com,910
0af4a2b0b5df66f158895158,CC(C)c1cccc(-c2ccc(C(=O)Nc3ncnc4ccc(-c5ccc(OCc6ccc(F)cc6)c(Cl)c5)cc34)o2)c1,eMolecules,sales@emolecules.com,1560
830e72e7c2fe7d7a19c81798,O=C(Nc1ccc(OCc2cccc(F)c2)c(Cl)c1)c1ccc(C#Cc2ccc3ncnc(NCc4ccc(Cl)cc4)c3c2)o1,eMolecules,sales@emolecules.com,2640
df1e2a1511959e89a8929f01,COc1ccc2nc(NCCS(C)(=O)=O)nc(NCc3ccc(-c4cccc(F)c4)o3)c2c1,Enamine,info@enamine.net,245
59040fd0564335c1d22e70b8,O=C(Nc1ccc(OCc2cccc(F)c2)c(Cl)c1)c1csc(Nc2cccc(Nc3ncnc4ccccc34)c2)n1,OTAVA Chemicals,sales@otavachemicals.com,
63a37c1954ff1262959f3815,COc1ccc2c(NCCS(C)(=O)=O)nc(NCc3ccc(-c4cccc(F)c4)o3)nc2c1,Enamine,info@enamine.net,245
cb7301fece55f50df6669735,O=C(Nc1cccc(Nc2ncnc3ccccc23)c1)c1csc(Nc2ccc(OCc3cccc(F)c3)c(Cl)c2)n1,OTAVA Chemicals,sales@otavachemicals.com,
b5e9043f1ca44bf6665754e9,CS(=O)(=O)CCNc1nc(NCc2ccc(-c3cccc(F)c3)o2)nc2ccc(Cl)cc12,Enamine,info@enamine.net,245
57b6f743f8f836625f07e5de,COc1ccc(Cn2cnc3ccc(NC(=O)c4csc(Nc5ccc(OCc6cccc(F)c6)c(Cl)c5)n4)cc3c2=O)cc1,OTAVA Chemicals,sales@otavachemicals.com,
5c15b27e45033ca5d8abff3f,CS(=O)(=O)CCNc1nc(NCc2ccc(-c3ccc(F)cc3)o2)nc2ccc(Cl)cc12,Enamine,info@enamine.net,245
8bdd6fafdb27c615c912f563,CS(=O)(=O)CCNc1nc(NCc2ccc(-c3cccc(F)c3)o2)nc2ccccc12,Enamine,info@enamine.net,245
862d2d0d8ebed27841327c38,COc1ccc2nc(NCc3ccc(-c4cccc(F)c4)o3)nc(NCCS(C)(=O)=O)c2c1,Enamine,info@enamine.net,245
a48207dbef8c7d35b269d324,CS(=O)(=O)CCNc1nc(NCc2ccc(-c3cccc(F)c3)o2)c2ccccc2n1,Enamine,info@enamine.net,245
ec3a4569ed0e91110bff0aa9,CS(=O)(=O)CC1CN(Cc2ccc3ncnc(Cl)c3c2)CCN1C(=O)c1ccc(OCc2cccc(F)c2)c(Cl)c1,eMolecules,sales@emolecules.com,3097
89d4be6b48b89e0e4659a2b2,Cc1cc(OCc2cccc(F)c2)ccc1NC(=O)c1csc(Nc2cccc(Nc3ncnc4ccccc34)c2)n1,OTAVA Chemicals,sales@otavachemicals.com,
b1905945d7b47c3b90418ccb,COc1ccc2c(NCc3ccc(-c4cccc(F)c4)o3)nc(NCCS(C)(=O)=O)nc2c1,Enamine,info@enamine.net,245
9eb9117ff6f0cedc5a21be4a,CS(=O)(=O)CC1CN(C(=O)c2ccc(OCc3cccc(F)c3)c(Cl)c2)CCN1Cc1ccc2ncnc(O)c2c1,eMolecules,sales@emolecules.com,2497
91a55a913d02609b717d39a2,CS(=O)(=O)CCNc1nc(NCc2ccc(-c3cccc(F)c3)o2)c2cc(Cl)ccc2n1,Enamine,info@enamine.net,245
50725701408028e91d3c2221,CS(=O)(=O)CC1CN(C(=O)c2ccc(OCc3cccc(F)c3)c(Cl)c2)CCN1Cc1ccc2ncnc(Cl)c2c1,eMolecules,sales@emolecules.com,3097
7e232888ef742ea40a30ade3,Nc1ncnc2cc(C(=O)Nc3ccc(OCc4cccc(F)c4)c(Cl)c3)ccc12,Enamine,info@enamine.net,163
77f271d3d9ee10b3e7b2677b,O=C(Nc1ccc(OCc2cccc(F)c2)c(Cl)c1)C(=O)Nc1ccc2nc[nH]c(=O)c2c1,Enamine,info@enamine.net,163
c220229c915155c401cd49b2,O=C(Nc1ccc(OCc2cccc(F)c2)c(Cl)c1)C(=O)Nc1ccc2ncncc2c1,Enamine,info@enamine.net,163
8d070a1398d2a969ce782648,O=C(NCCNc1ncnc2ccccc12)C(=O)Nc1ccc(OCc2cccc(F)c2)c(Cl)c1,Enamine,info@enamine.net,163
e83697089d7552ae39935b17,O=C(Cn1cnc2ccc(F)cc2c1=O)Nc1ccc(OCc2cccc(F)c2)c(Cl)c1,Enamine,info@enamine.net,163
48af5d7c2a6861f3071c3955,CC(C(=O)Nc1ccc(OCc2cccc(F)c2)c(Cl)c1)n1cnc2ccccc2c1=O,Enamine,info@enamine.net,163
90bc17591456c458d62c9d21,NS(=O)(=O)c1ccc(-c2ccc(CC(=O)c3cccc(Nc4ncnc5ccccc45)c3)o2)cc1,Enamine,info@enamine.net,163
00e4196a375e6673ab06a640,O=C(NCCNc1ncnc2ccc([N+](=O)[O-])cc12)c1ccc(OCc2cccc(F)c2)c(Cl)c1,Enamine,info@enamine.net,163
fc76e50530205fc0da9b2988,O=C(NCCNc1ncnc2ccccc12)c1ccc(OCc2cccc(F)c2)c(Cl)c1,Enamine,info@enamine.net,163
